insert into PUBLIC.COLOR (ID, VALUE)
values (1, 'ff6666'),
       (2, 'ff8c66'),
       (3, 'ffb366'),
       (4, 'ffd966'),
       (5, 'ffff66'),
       (6, 'd9ff66'),
       (7, 'b3ff66'),
       (8, '8cff66'),
       (9, '66ff66'),
       (10, '66ff8c'),
       (11, '66ffb3'),
       (12, '66ffd9'),
       (13, '66ffff'),
       (14, '66d9ff'),
       (15, '66b3ff'),
       (16, '668cff'),
       (17, '6666ff'),
       (18, '8c66ff'),
       (19, 'b366ff'),
       (20, 'd966ff'),
       (21, 'ff66ff'),
       (22, 'ff66d9'),
       (23, 'ff66b3'),
       (24, 'ff668c'),
       (25, 'ff6666'),
       (26, '800000'),
       (27, '0000FF'),
       (28, '008000'),
       (29, '000000');
insert into PUBLIC.CATEGORY (ID, NAME, ID_COLOR)
values (1, 'Bar & locali', 1),
       (2, 'Ristoranti & Fast-Food', 1),
       (3, 'Spesa', 1),
       (4, 'Abbigliamento & Scarpe', 13),
       (5, 'Animali domestici', 13),
       (6, 'Bellezza & Benessere', 13),
       (7, 'Cancelleria & Utensili', 13),
       (8, 'Casa & Giardino', 13),
       (9, 'Elettronica', 13),
       (10, 'Farmacia', 13),
       (11, 'Figli', 13),
       (12, 'Gioielli & Accessori', 13),
       (13, 'Regali', 13),
       (14, 'Tempo libero', 13),
       (15, 'Taxi', 20),
       (16, 'Trasporto pubblico', 20),
       (17, 'Viaggi', 20),
       (18, 'Assicurazione veicoli', 19),
       (19, 'Carburante', 19),
       (20, 'Leasing', 19),
       (21, 'Manutenzione veicoli', 19),
       (22, 'Noleggi', 19),
       (23, 'Parcheggio', 19),
       (24, 'Alcolici & Tabacco', 9),
       (25, 'Cultura & Eventi sportivi', 9),
       (26, 'Donazioni', 9),
       (27, 'Formazione & Sviluppo', 9),
       (28, 'Hobby', 9),
       (29, 'Libri', 9),
       (30, 'Lotterie & Giochi d''azzardo', 9),
       (31, 'Salute', 9),
       (32, 'Sport & Fitness', 9),
       (33, 'TV & Streaming', 9),
       (34, 'Hotel & Alberghi', 16),
       (35, 'Internet', 16),
       (36, 'Servizi postali', 16),
       (37, 'Software, App & Giochi', 16),
       (38, 'Telefono', 16),
       (39, 'Assegno familiare', 11),
       (40, 'Assicurazioni', 11),
       (41, 'Consulenza', 11),
       (42, 'Multe', 11),
       (43, 'Prestiti', 11),
       (44, 'Tasse', 11),
       (45, 'Investimenti finanziari', 24),
       (46, 'Riscossioni', 24),
       (47, 'Buoni & Coupon', 4),
       (48, 'Dividendi', 4),
       (49, 'Quote & Contributi', 4),
       (50, 'Rimborsi', 4),
       (51, 'Stipendio', 4),
       (52, 'Vendite', 4),
       (53, 'Altro', 17);
insert into PUBLIC.RELATIONSHIP (ID, NAME)
values (1, 'padre'),
       (2, 'madre'),
       (3, 'marito'),
       (4, 'moglie'),
       (5, 'sorella'),
       (6, 'fratello'),
       (7, 'nonno'),
       (8, 'nonna'),
       (9, 'zio'),
       (10, 'zia'),
       (11, 'cugino'),
       (12, 'cugina'),
       (13, 'figlio'),
       (14, 'figlia'),
       (15, 'amico'),
       (16, 'amica'),
       (17, 'fidanzato'),
       (18, 'fidanzata'),
       (20, 'me');
insert into PUBLIC.PERSON (ID, NAME, ID_RELATIONSHIP)
values (1, 'Alice', 16),
       (2, 'Alex', 15),
       (3, 'Marco', 15),
       (4, 'Edoardo', 15),
       (5, 'Loris', 1),
       (6, 'Cristina', 2),
       (8, 'Elisa', 20);
insert into PUBLIC.EVENT (ID, NAME, STARTDATE, ENDDATE, FREQUENCY, IS_LAST)
values (1, 'Shopping', '2021-04-25 16:00:00', '2021-04-25 18:00:00', 0, 1),
       (2, 'Gita', '2021-05-01 06:00:00', '2021-05-02 23:00:00', 0, 1),
       (3, 'Università', '2021-03-29 09:00:00', '2021-03-29 13:00:00', 2, 0),
       (4, 'Università', '2021-04-05 09:00:00', '2021-04-05 13:00:00', 2, 1),
       (5, 'Università', '2021-04-12 09:00:00', '2021-04-12 13:00:00', 2, 1),
       (6, 'Università', '2021-04-19 09:00:00', '2021-04-19 13:00:00', 2, 0),
       (7, 'Discoteca', '2021-05-01 20:00:00', '2021-05-01 23:00:00', 0, 1),
       (8, 'Algebra', '2021-04-20 14:00:00', '2021-04-20 16:00:00', 2, 0),
       (14, 'Incontro progetto', '2021-04-11 14:00:00', '2021-04-11 17:00:00', 2, 0),
       (15, 'Incontro progetto', '2021-04-18 14:00:00', '2021-04-18 17:00:00', 2, 0),
       (16, 'Palestra', '2021-04-06 08:00:00', '2021-04-06 09:30:00', 3, 0),
       (17, 'Danza', '2021-04-21 07:00:00', '2021-04-21 11:25:00', 2, 0),
       (18, 'Addominali', '2021-04-23 17:49:48', '2021-04-23 17:49:56', 0, 1),
       (19, 'Addominali', '2021-04-23 17:50:06', '2021-04-23 17:50:07', 0, 1),
       (20, 'Addominali', '2021-04-23 17:50:08', '2021-04-23 17:50:10', 0, 1),
       (21, 'Addominali', '2021-04-23 17:50:22', '2021-04-23 17:50:23', 0, 1),
       (22, 'Addominali', '2021-04-23 17:50:22', '2021-04-23 17:50:23', 0, 1),
       (23, 'Pasta', '2021-04-23 17:50:39', '2021-04-23 17:50:41', 0, 1);

insert into PUBLIC.TODO_ACTION (ID, DESCRIPTION, DONE)
values (2, 'Andare a fare la spesa', 0),
       (3, 'Buttare il pattume', 0),
       (4, 'Prendere medicina', 0),
       (5, 'Comprare tovaglioli', 0);

insert into PUBLIC.ACCOUNT (ID, NAME, ID_COLOR, START_AMOUNT)
values (1, 'Portafoglio', 26, 5000),
       (3, 'Risparmi', 28, 1000000),
       (4, 'Conto', 27, 350000);

insert into PUBLIC.DAILY_MOOD (ID, VALUE, DATE)
values (1, 1, '2021-04-23'),
       (2, 3, '2021-04-24'),
       (3, 4, '2021-04-29');
insert into PUBLIC.QUICK_ACTION (ID, NAME, ACTION_TYPE)
values (1, 'Allenamento', 1),
       (2, 'Shopping', 0),
       (3, 'Spesa', 1),
       (4, 'Addominali', 1),
       (5, 'Acqua', 2),
       (6, 'Bere', 2);
insert into PUBLIC.TRANSACTION (ID, DESCRIPTION, ID_CATEGORY, DATE, ID_ACCOUT, AMOUNT, TYPE, IS_LAST)
values (1, 'Prelievo', 53, '2021-04-19 15:00:00', 4, -25000, 0, 1),
       (2, 'Stipendio', 51, '2021-04-20 17:00:00', 4, 120067, 0, 1),
       (5, 'Amazon', 37, '2020-04-03 00:00:00', 4, -2099, 7, 1),
       (8, 'Amazon', 37, '2019-04-03 17:43:00', 4, -2099, 7, 1),
       (11, 'Caffé', 1, '2021-04-24 04:32:43', 1, -100, 0, 1),
       (12, 'Caffé', 1, '2021-04-24 04:32:44', 1, -100, 0, 1),
       (15, 'Ombrellone', 14, '2020-06-15 00:00:00', 4, -2250, 0, 1),
       (16, 'Zara', 4, '2020-08-02 00:00:00', 4, -5000, 0, 1),
       (22, 'Ford', 22, '2021-01-19 00:00:00', 3, -4500, 2, 1),
       (23, 'Ford', 22, '2021-01-26 00:00:00', 3, -4500, 2, 1),
       (24, 'Ford', 22, '2021-02-02 00:00:00', 3, -4500, 2, 1),
       (25, 'Ford', 22, '2021-02-09 00:00:00', 3, -4500, 2, 1),
       (26, 'Ford', 22, '2021-02-16 00:00:00', 3, -4500, 2, 1),
       (27, 'Ford', 22, '2021-02-23 00:00:00', 3, -4500, 2, 1),
       (28, 'Ford', 22, '2021-03-02 00:00:00', 3, -4500, 2, 1),
       (29, 'Ford', 22, '2021-03-09 00:00:00', 3, -4500, 2, 1),
       (30, 'Ford', 22, '2021-03-16 00:00:00', 3, -4500, 2, 1),
       (31, 'Ford', 22, '2021-03-23 00:00:00', 3, -4500, 2, 1),
       (32, 'Ford', 22, '2021-03-30 00:00:00', 3, -4500, 2, 1),
       (33, 'Ford', 22, '2021-04-06 00:00:00', 3, -4500, 2, 1),
       (34, 'Ford', 22, '2021-04-13 00:00:00', 3, -4500, 2, 1),
       (40, 'Adobe', 37, '2021-03-01 00:00:00', 4, -2200, 3, 1),
       (41, 'Ford', 22, '2021-01-12 00:00:00', 3, -4500, 2, 1),
       (42, 'Coop', 51, '2021-03-15 00:00:00', 4, 125000, 3, 1),
       (43, 'Ford', 22, '2021-04-20 00:00:00', 3, -4500, 2, 1),
       (134, 'Coop', 51, '2021-04-15 00:00:00', 4, 125000, 3, 0),
       (135, 'Amazon', 37, '2021-04-03 00:00:00', 4, -2099, 7, 0),
       (136, 'Adobe', 37, '2021-04-01 00:00:00', 4, -2200, 3, 0),
       (137, 'Netflix', 33, '2021-04-05 08:00:00', 4, -1700, 3, 0),
       (138, 'A3', 18, '2021-03-03 00:00:00', 4, -12000, 4, 0);
insert into PUBLIC.GROUP_PERSON (ID, ID_PERSON)
values (1, 2),
       (2, 1),
       (3, 8);
insert into PUBLIC.QUICK_TRANSACTION (ID, PRICE, NAME, ID_CATEGORY, ID_ACCOUT)
values (1, -100, 'Caffé', 1, 1),
       (2, -500, 'ParkAuto', 23, 1),
       (3, -400, 'Happy Meal', 2, 4);
insert into PUBLIC.GROUP_TRANSACTION (ID, DESCRIPTION, ID_PERSON, AMOUNT, DATE)
values (1, 'Cena da Polin', 2, 1590, '2021-04-19 17:36:00'),
       (2, 'Gelato', 1, 750, '2021-04-19 14:37:00'),
       (3, 'Taxi', 2, 3000, '2021-04-20 12:30:00'),
       (4, 'Spesa comune', 8, 2100, '2021-04-21 17:00:00'),
       (5, 'Risoluzione debiti', 1, 1610, '2021-04-23 17:39:07'),
       (6, 'Risoluzione debiti', 1, 620, '2021-04-23 17:39:07'),
       (8, 'Bollette', 2, 9300, '2021-04-22 09:00:00'),
       (9, 'Gelato da Elisir', 8, 1200, '2021-04-23 17:40:00');
insert into PUBLIC.GROUP_TRANSACTION_PERSONS (ID, ID_GROUP_TRANSACTION, ID_PERSON)
values (1, 1, 1),
       (2, 1, 8),
       (3, 1, 2),
       (4, 2, 1),
       (5, 2, 8),
       (6, 2, 2),
       (7, 3, 1),
       (8, 3, 2),
       (9, 4, 1),
       (10, 4, 8),
       (11, 4, 2),
       (12, 5, 2),
       (13, 6, 8),
       (17, 8, 1),
       (18, 8, 8),
       (19, 8, 2),
       (20, 9, 1),
       (21, 9, 8),
       (22, 9, 2);